variante,ecart_moyen,ecart_A_06,ecart_A_09,ecart_A_13
ratio_final=0.0001,0.36348648391858074,1.0401697826298588,1.1193058467429357e-11,0.050289669114690266
p_swap=0.5,0.5752442163722461,1.6496265574160194,6.9164653737417255e-12,0.0761060916938024
defaut,0.690747416397132,1.7657051591141952,5.083639762161311e-12,0.30653709007211716
p0=0.8,0.8561338760012581,2.4823142329866426,8.160976591481512e-12,0.08608739500897113
p0=0.2,0.9621278268647155,2.835921861782262,6.660020637965042e-12,0.050461618805224824
r=2,1.0595847431445395,3.0773216270352632,8.070466684736801e-12,0.10143260239028482
p_loc=0.95,1.2443382143792374,3.668153482353646,8.394793850572017e-12,0.06486116077567154
r=10,1.2620787411033418,3.717258459522415,1.0348299337812047e-11,0.0689777637772621
ratio_final=0.01,1.3886306865565243,3.9091315686130828,7.610374658784516e-12,0.25676049104887994
p_loc=0.5,1.509958271179772,4.446100807680247,8.922768306582836e-12,0.08377400585014678
p_swap=0.15,1.7039216702855102,5.066461651229809,3.4921739019001295e-12,0.04530335962322933
p_swap=0,2.027603065859794,5.702665249580903,9.775069928428871e-12,0.38014394798870416
