instance,interventions,T,ressources,exclusions,scenarios_min,scenarios_max,alpha,quantile,temps_limite
A_01,181,90,9,81,1,1,0.5,0.95,15
A_02,89,90,9,32,120,120,0.5,0.95,15
A_03,91,90,10,12,1,1,0.5,0.95,15
A_04,706,365,9,1377,1,1,0.5,0.95,15
A_05,180,182,9,87,120,120,0.5,0.95,15
A_06,180,182,10,87,1,1,0.5,0.95,15
A_07,36,17,9,3,5,6,0.5,0.5,15
A_08,18,17,9,4,587,693,0.5,0.95,15
A_09,18,17,10,0,5,6,0.5,0.5,15
A_10,108,53,9,40,5,6,0.5,0.5,15
A_11,54,53,9,4,565,693,0.5,0.95,15
A_12,54,53,10,0,5,6,0.5,0.5,15
A_13,179,90,9,136,12,12,0.5,0.5,15
A_14,108,53,10,22,142,174,0.5,0.95,15
A_15,108,53,10,22,283,347,0.5,0.95,15
B_01,100,53,9,26,169,207,0.5,0.9,15
