date,instance,methode,variante,graine,objectif,obj1,obj2,realisable,viol_ressources,viol_exclusions,temps,lam,a,b,c,T0,alpha,iterations
2026-10-07 19:39:10,A_01,glouton,a=1 b=1 c=0.5,,1807.8302222222057,3615.6604444444115,0.0,1,4.6629367034256575e-15,0,2.2863237857818604,914252.6647739157,1.0,1.0,0.5,,,
2026-10-07 19:39:12,A_02,glouton,a=1 b=1 c=0.5,,4685.071166666669,4399.458632407409,4970.683700925932,1,1.1102230246251565e-15,0,1.3879623413085938,947543.2983436296,1.0,1.0,0.5,,,
2026-10-07 19:39:13,A_03,glouton,a=1 b=1 c=0.5,,850.7977222222223,1701.5954444444446,0.0,1,4.440892098500626e-16,0,1.167212963104248,1633647.2284664395,1.0,1.0,0.5,,,
2026-10-07 19:40:05,A_04,glouton,a=1 b=1 c=0.5,,2125.2076027397275,4250.415205479455,0.0,0,101.60000000000002,0,50.672119140625,168066.1958400351,1.0,1.0,0.5,,,
2026-10-07 19:40:15,A_05,glouton,a=1 b=1 c=0.5,,639.868324175825,1200.1667916666668,79.56985668498344,1,0.0,0,6.671564340591431,46088.72329797473,1.0,1.0,0.5,,,
2026-10-07 19:40:21,A_06,glouton,a=1 b=1 c=0.5,,641.1493131868122,1282.2986263736243,0.0,1,1.5543122344752192e-15,0,5.844226837158203,102635.91897643491,1.0,1.0,0.5,,,
2026-10-07 19:40:22,A_07,glouton,a=1 b=1 c=0.5,,2272.782274509804,4545.564549019608,6.353087990325602e-14,1,0.0,0,0.09586191177368164,26233.098345509676,1.0,1.0,0.5,,,
2026-10-07 19:40:22,A_08,glouton,a=1 b=1 c=0.5,,745.8302941176471,1334.2918008866081,157.36878734868594,1,0.0,0,0.06262683868408203,14588.453559201815,1.0,1.0,0.5,,,
2026-10-07 19:40:22,A_09,glouton,a=1 b=1 c=0.5,,1586.1892549019606,3171.894862745098,0.4836470588235316,1,0.0,0,0.06115221977233887,57092.224416016106,1.0,1.0,0.5,,,
2026-10-07 19:40:23,A_10,glouton,a=1 b=1 c=0.5,,2997.2492830188685,5977.79786792453,16.700698113207732,1,0.0,0,0.6716997623443604,46933.39494258281,1.0,1.0,0.5,,,
2026-10-07 19:40:24,A_11,glouton,a=1 b=1 c=0.5,,501.62141509433974,930.4368856375355,72.80594455114371,1,0.0,0,0.44844722747802734,26092.83889704285,1.0,1.0,0.5,,,
2026-10-07 19:40:24,A_12,glouton,a=1 b=1 c=0.5,,792.0046855345912,1553.5280440251572,30.48132704402533,1,0.0,0,0.32012438774108887,21414.97472520877,1.0,1.0,0.5,,,
2026-10-07 19:40:27,A_13,glouton,a=1 b=1 c=0.5,,2012.720046296296,4023.976370370371,1.4637222222209239,1,5.10702591327572e-15,0,2.6640372276306152,563795.1979796456,1.0,1.0,0.5,,,
2026-10-07 19:40:28,A_14,glouton,a=1 b=1 c=0.5,,2508.0889622641557,4446.975108345282,569.2028161830293,0,0.8350943395999999,0,0.7150118350982666,35467.86410835836,1.0,1.0,0.5,,,
2026-10-07 19:40:29,A_15,glouton,a=1 b=1 c=0.5,,2509.6244339622676,4506.695076575581,512.5537913489535,0,1.2233962263999993,0,0.7898550033569336,35466.1657678258,1.0,1.0,0.5,,,
2026-10-07 19:40:32,B_01,glouton,a=1 b=1 c=0.5,,4109.33679245283,4216.713758323239,4001.959826582421,0,4.396000000000008,0,1.8162107467651367,20644.792429060348,1.0,1.0,0.5,,,
2026-10-07 20:08:54,A_04,glouton,a=1 b=1 c=0.5,,2173.6263698630137,4347.252739726027,0.0,1,9.103828801926284e-15,0,84.56280660629272,168066.1958400351,1.0,1.0,0.5,,,
2026-10-07 20:08:57,A_14,glouton,a=1 b=1 c=0.5,,2537.228962264157,4504.70181594379,569.7561085845251,1,0.0,0,0.7553417682647705,35467.86410835836,1.0,1.0,0.5,,,
2026-10-07 20:08:59,A_15,glouton,a=1 b=1 c=0.5,,2547.179905660384,4570.538473643343,523.8213376774249,1,0.0,0,0.8593502044677734,35466.1657678258,1.0,1.0,0.5,,,
2026-10-07 21:45:29,A_13,recuit,,1,2004.015449074072,4007.2544629629797,0.7764351851639966,1,1.7763568394002505e-15,0,810.0300843715668,563795.1979796456,,,,20.74562033338989,0.9995042215914991,2211724
2026-10-07 21:45:29,A_01,recuit,,1,1778.4854999998206,3556.970999999641,0.0,1,1.7763568394002505e-15,0,810.0089571475983,914252.6647739157,,,,31.38548393500513,0.9994143167564296,1740858
2026-10-07 21:45:29,A_06,recuit,,1,601.4679395604219,1202.9358791208438,0.0,1,1.0880185641326534e-14,0,810.1175615787506,102635.91897643491,,,,2.0945126678641706,0.9991422486633584,1466460
2026-10-07 21:45:29,A_02,recuit,,1,4685.071166668427,4399.458632407266,4970.68370092959,1,1.1102230246251565e-15,0,810.0179100036621,947543.2983436296,,,,114.94494873414581,0.9998735333768638,3331715
2026-10-07 21:45:31,A_04,recuit,,1,2104.9552739725887,4209.910547945177,0.0,1,1.4432899320127035e-14,0,810.1909055709839,168066.1958400351,,,,3.5524133755813256,0.9921278679418831,669994
2026-10-07 21:45:33,A_05,recuit,,1,636.2512087912448,1198.956221153845,73.54619642864482,1,5.551115123125783e-15,0,810.0129089355469,46088.72329797473,,,,5.737184912724266,0.9990788919773234,2720160
2026-10-07 21:45:43,A_02,recuit+descente,,1,4673.623333335132,4391.440641666527,4955.806025003737,1,0.0,0,823.2390937805176,947543.2983436296,,,,114.94494873414581,0.9998735333768638,3331715
2026-10-07 21:46:41,A_01,recuit+descente,,1,1771.0372222220024,3542.0744444440047,0.0,1,4.218847493575595e-15,0,882.1248347759247,914252.6647739157,,,,31.38548393500513,0.9994143167564296,1740858
2026-10-07 21:46:59,A_13,recuit+descente,,1,2000.8411018519776,4001.0820555555615,0.6001481483931996,1,2.6645352591003757e-15,0,900.0068607330322,563795.1979796456,,,,20.74562033338989,0.9995042215914991,2211724
2026-10-07 21:46:59,A_06,recuit+descente,,1,601.3734615384429,1202.7469230768859,0.0,1,1.0436096431476471e-14,0,900.0623745918274,102635.91897643491,,,,2.0945126678641706,0.9991422486633584,1466460
2026-10-07 21:47:01,A_04,recuit+descente,,1,2103.390602739712,4206.781205479424,0.0,1,8.881784197001252e-15,0,900.1540882587433,168066.1958400351,,,,3.5524133755813256,0.9921278679418831,669994
2026-10-07 21:47:03,A_05,recuit+descente,,1,636.2512087912454,1198.9562211538446,73.5461964286465,1,4.440892098500626e-16,0,900.0247011184692,46088.72329797473,,,,5.737184912724266,0.9990788919773234,2720160
2026-10-07 21:59:14,A_03,recuit,,1,850.797722223685,1701.59544444737,0.0,1,7.671641100159832e-14,0,810.0266389846802,1633647.2284664395,,,,83.89512972877515,0.9997916376801379,2457910
2026-10-07 21:59:58,A_03,recuit+descente,,1,850.5570000014693,1701.1140000029386,0.0,1,7.682743330406083e-14,0,853.5787408351898,1633647.2284664395,,,,83.89512972877515,0.9997916376801379,2457910
2026-10-07 22:00:12,A_10,recuit,,1,2997.2492830187434,5977.7978679242615,16.700698113223776,1,2.92377233535035e-13,0,810.0224282741547,46933.39494258281,,,,36.407858257467865,0.9998231818567083,3210408
2026-10-07 22:00:20,A_10,recuit+descente,,1,2995.1726006288063,5977.056276729295,13.28892452831738,1,1.9062529332813938e-13,0,818.1605241298676,46933.39494258281,,,,36.407858257467865,0.9998231818567083,3210408
2026-10-07 22:00:31,A_14,recuit,,1,2330.1013029422584,4219.33445112381,440.8681547607074,1,3.8130609780751e-13,0,810.0476925373077,35467.86410835836,,,,113.75667004255114,0.9996301460349433,2743740
2026-10-07 22:00:32,A_15,recuit,,1,2315.367830188684,4224.910784618083,405.8248757592846,1,6.893374759897597e-13,0,810.0524764060974,40363.8049430957,,,,287.99291820710494,0.9996565368709317,3470040
2026-10-07 22:00:37,A_11,recuit,,1,496.50688679285577,922.9349166116384,70.07885697407303,1,4.64850380410553e-13,0,810.0111737251282,26092.83889704285,,,,50.140965340031165,0.9999129046776856,3855654
2026-10-07 22:00:37,A_14,recuit+descente,,1,2329.9439444516943,4218.9744723064005,440.9134165969888,1,4.022338018216942e-13,0,815.9300434589386,35467.86410835836,,,,113.75667004255114,0.9996301460349433,2743740
2026-10-07 22:00:37,A_15,recuit+descente,,1,2315.285849056606,4224.755726527152,405.8159715860584,1,7.208678098891141e-13,0,815.5700330734253,40363.8049430957,,,,287.99291820710494,0.9996565368709317,3470040
2026-10-07 22:00:40,A_11,recuit+descente,,1,495.2714306280042,920.3027844497027,70.24007680630575,1,5.586087148401475e-13,0,813.5923492908478,26092.83889704285,,,,50.140965340031165,0.9999129046776856,3855654
2026-10-07 22:00:43,A_12,recuit,,1,789.7123333333715,1550.0018301887246,29.422836478017906,1,6.0285110237146e-13,0,810.0345320701599,21414.97472520877,,,,12.261540769454097,0.9998369728599324,3646188
2026-10-07 22:00:45,A_12,recuit+descente,,1,789.7123333333716,1550.0018301887253,29.422836478017917,1,5.593858709573851e-13,0,811.9314095973969,21414.97472520877,,,,12.261540769454097,0.9998369728599324,3646188
2026-10-07 22:13:29,A_07,recuit,,1,2272.7822745100207,4545.564549020017,2.44226077270201e-11,1,7.382983113757291e-15,0,810.0069024562836,26233.098345509676,,,,16.56385439535072,0.9999509452801953,3413088
2026-10-07 22:13:29,A_07,recuit+descente,,1,2272.78227451002,4545.564549020016,2.4399201613371535e-11,1,7.327471962526033e-15,0,810.2846140861511,26233.098345509676,,,,16.56385439535072,0.9999509452801953,3413088
2026-10-07 22:13:51,A_08,recuit,,1,744.2932352938506,1333.701965242491,154.88450534521027,1,5.120348589571222e-13,0,810.0003435611725,14588.453559201815,,,,11.90445298588097,0.9999293854217695,2889270
2026-10-07 22:13:51,A_08,recuit+descente,,1,744.2932352938506,1333.7080237818489,154.87844680585258,1,4.952704912852823e-13,0,810.1535704135895,14588.453559201815,,,,11.90445298588097,0.9999293854217695,2889270
2026-10-07 22:14:08,A_09,recuit,,1,1507.284784313231,3012.7248627441645,1.8447058822973899,1,1.4832579608992091e-13,0,810.0030202865601,57092.224416016106,,,,52.44151057779097,0.9999403579816342,2806830
2026-10-07 22:14:08,A_09,recuit+descente,,1,1507.2847843132313,3012.7248627441654,1.8447058822966547,1,1.4832579608992091e-13,0,810.1501762866974,57092.224416016106,,,,52.44151057779097,0.9999403579816342,2806830
2026-10-07 22:14:17,A_02,recuit,,2,4684.251666668229,4403.209126851797,4965.294206484659,1,1.1102230246251565e-15,0,810.0188047885895,947543.2983436296,,,,886.2641275449541,0.9996796113475043,1945006
2026-10-07 22:14:18,A_04,recuit,,2,2110.7674657534194,4221.534931506839,0.0,1,8.881784197001252e-15,0,810.2075927257538,168066.1958400351,,,,3.9787331257384633,0.9903108444493962,626928
2026-10-07 22:14:18,A_05,recuit,,2,635.4159890110232,1197.4484684065806,73.38350961546602,1,1.1102230246251565e-16,0,810.0743749141693,46088.72329797473,,,,4.587823324583995,0.9988699383363258,1385280
2026-10-07 22:14:56,A_02,recuit+descente,,2,4675.174777779297,4402.1434314814305,4948.2061240771645,1,8.881784197001252e-16,0,848.9906566143036,947543.2983436296,,,,886.2641275449541,0.9996796113475043,1945006
2026-10-07 22:15:48,A_04,recuit+descente,,2,2109.8829863013616,4219.765972602723,0.0,1,8.659739592076221e-15,0,900.5781562328339,168066.1958400351,,,,3.9787331257384633,0.9903108444493962,626928
2026-10-07 22:15:48,A_05,recuit+descente,,2,635.3687362637705,1197.3869706959579,73.35050183158344,1,0.0,0,900.1217496395111,46088.72329797473,,,,4.587823324583995,0.9988699383363258,1385280
2026-10-07 22:27:00,A_06,recuit,,2,602.7782142856844,1205.5564285713688,0.0,1,1.0436096431476471e-14,0,810.1268808841705,102635.91897643491,,,,2.517918071075286,0.9988633201044396,1155780
2026-10-07 22:27:22,A_01,recuit,,2,1769.6257777777666,3539.2515555555333,0.0,1,3.774758283725532e-15,0,810.1252188682556,914252.6647739157,,,,142.56784137825892,0.9986011660225077,1308268
2026-10-07 22:27:40,A_13,recuit,,2,2003.45702314811,4005.633157407335,1.2808888888852517,1,2.220446049250313e-15,0,810.0702691078186,563795.1979796456,,,,148.27181583926193,0.9989951030058835,1486416
2026-10-07 22:28:30,A_03,recuit,,2,848.8961666668823,1697.7923333337646,0.0,1,4.64628335805628e-14,0,810.0059649944305,1633647.2284664395,,,,673.3091314169275,0.9994246256394695,1643187
2026-10-07 22:28:30,A_06,recuit+descente,,2,602.701043956015,1205.40208791203,0.0,1,8.881784197001252e-15,0,900.0334153175354,102635.91897643491,,,,2.517918071075286,0.9988633201044396,1155780
2026-10-07 22:28:40,A_03,recuit+descente,,2,848.2764444446599,1696.5528888893198,0.0,1,4.6629367034256575e-14,0,820.0433406829834,1633647.2284664395,,,,673.3091314169275,0.9994246256394695,1643187
2026-10-07 22:28:52,A_01,recuit+descente,,2,1769.3212777777771,3538.6425555555543,0.0,1,3.774758283725532e-15,0,900.0143804550171,914252.6647739157,,,,142.56784137825892,0.9986011660225077,1308268
2026-10-07 22:29:10,A_13,recuit+descente,,2,2000.4519351851852,4000.194388888806,0.7094814815638089,1,1.5543122344752192e-15,0,900.0973598957062,563795.1979796456,,,,148.27181583926193,0.9989951030058835,1486416
2026-10-07 22:29:28,A_10,recuit,,2,2994.860009433943,5977.195553459019,12.524465408868203,1,2.0156099012069717e-13,0,810.0186939239502,46933.39494258281,,,,7.413377769961276,0.9995339060169385,2191968
2026-10-07 22:29:31,A_14,recuit,,2,2312.693679245157,4212.74640277425,412.64095571606384,1,2.250977182427505e-13,0,810.0197892189026,35467.86410835836,,,,7.437860644861984,0.9995094468462341,2013228
2026-10-07 22:29:36,A_10,recuit+descente,,2,2994.852540880485,5977.1806163521,12.524465408868979,1,1.3844481117075702e-13,0,818.0105106830597,46933.39494258281,,,,7.413377769961276,0.9995339060169385,2191968
2026-10-07 22:29:40,A_14,recuit+descente,,2,2312.6882075470426,4212.718152520194,412.6582625738914,1,2.2315482794965646e-13,0,818.7961137294769,35467.86410835836,,,,7.437860644861984,0.9995094468462341,2013228
2026-10-07 22:42:03,A_15,recuit,,2,2316.972169811425,4231.284415774168,402.6599238486815,1,3.0686564400639327e-13,0,810.0375688076019,35466.1657678258,,,,10.421025240108,0.9995948708058142,2239380
2026-10-07 22:42:09,A_15,recuit+descente,,2,2316.940754717086,4231.196130084533,402.6853793496388,1,2.7056135110115065e-13,0,815.522572517395,35466.1657678258,,,,10.421025240108,0.9995948708058142,2239380
2026-10-07 22:42:12,A_11,recuit,,2,495.3481132077266,915.1661855744333,75.53004084102027,1,2.1449508835758024e-13,0,810.0032103061676,26092.83889704285,,,,12.485292126808964,0.9997726293025906,2543940
2026-10-07 22:42:14,A_11,recuit+descente,,2,495.3476415096129,915.1652421782067,75.53004084101943,1,2.4830137945741626e-13,0,812.7929680347443,26092.83889704285,,,,12.485292126808964,0.9997726293025906,2543940
2026-10-07 22:42:23,A_12,recuit,,2,789.6424748427963,1549.7188427673223,29.56610691827028,1,4.261035968511351e-13,0,810.0018270015717,21414.97472520877,,,,4.570914126113611,0.9997868393022065,3948372
2026-10-07 22:42:25,A_12,recuit+descente,,2,789.6424748427964,1549.7188427673223,29.5661069182706,1,3.7680969455777813e-13,0,812.0219912528992,21414.97472520877,,,,4.570914126113611,0.9997868393022065,3948372
2026-10-07 22:42:41,A_07,recuit,,2,2272.7822745100116,4545.564549020017,7.135520932292018e-12,1,3.1086244689504383e-15,0,810.0101532936096,26233.098345509676,,,,23.363263134201446,0.9998862245444251,3089268
2026-10-07 22:42:41,A_07,recuit+descente,,2,2272.7822745100116,4545.564549020017,7.055271399782642e-12,1,3.1086244689504383e-15,0,810.254723072052,26233.098345509676,,,,23.363263134201446,0.9998862245444251,3089268
2026-10-07 22:43:07,A_08,recuit,,2,744.293235293689,1333.7019652424522,154.8845053449258,1,5.663247648612924e-13,0,810.000162601471,14588.453559201815,,,,11.631834688060144,0.9999354754922731,4394538
2026-10-07 22:43:07,A_08,recuit+descente,,2,744.2932352936891,1333.7080237818102,154.87844680556813,1,5.611067166455541e-13,0,810.260951757431,14588.453559201815,,,,11.631834688060144,0.9999354754922731,4394538
2026-10-07 22:43:11,A_09,recuit,,2,1507.286549019122,3012.7283921559683,1.844705882275869,1,2.270406085358445e-13,0,810.0016233921051,57092.224416016106,,,,138.98144842877375,0.999945192029954,3090492
2026-10-07 22:43:12,A_09,recuit+descente,,2,1507.28478431324,3012.724862744204,1.8447058822758289,1,2.270406085358445e-13,0,810.1044261455536,57092.224416016106,,,,138.98144842877375,0.999945192029954,3090492
2026-10-07 22:55:51,A_05,recuit,,3,636.1344505494804,1199.318747252737,72.95015384622394,1,2.886579864025407e-15,0,810.1220245361328,46088.72329797473,,,,2.4771663580510257,0.9990724665918997,1474200
2026-10-07 22:55:52,A_04,recuit,,3,2106.5155068493173,4213.0310136986345,0.0,1,8.881784197001252e-15,0,810.2452394962311,168066.1958400351,,,,5.501663190314817,0.9923642450275021,732122
2026-10-07 22:55:58,A_02,recuit,,3,4672.128833334779,4401.242035185071,4943.015631484487,1,8.881784197001252e-16,0,810.0204060077667,947543.2983436296,,,,19.402427358036693,0.9995131181992192,2931571
2026-10-07 22:56:02,A_02,recuit+descente,,3,4672.128833334779,4401.2420351850715,4943.015631484487,1,6.661338147750939e-16,0,814.5082252025604,947543.2983436296,,,,19.402427358036693,0.9995131181992192,2931571
2026-10-07 22:56:12,A_06,recuit,,3,612.5534615384656,1225.1069230769313,0.0,1,3.885780586188048e-15,0,810.0264286994934,102635.91897643491,,,,3.112079280940736,0.9986671974667898,2450160
2026-10-07 22:56:38,A_01,recuit,,3,1769.7698333331816,3539.5396666663632,0.0,1,3.774758283725532e-15,0,810.0882756710052,914252.6647739157,,,,25.603708781967587,0.9989544429650793,1508635
2026-10-07 22:56:42,A_13,recuit,,3,2011.2010833331733,4019.6524351852695,2.74973148107723,1,0.0,0,810.0061271190643,563795.1979796456,,,,62.426000593528535,0.9994647438069955,1934990
2026-10-07 22:57:18,A_13,recuit+descente,,3,2002.5974490739839,4003.533185185263,1.6617129627042841,1,2.886579864025407e-15,0,845.3238110542297,563795.1979796456,,,,62.426000593528535,0.9994647438069955,1934990
2026-10-07 22:57:21,A_05,recuit+descente,,3,636.0177472527768,1199.123269230759,72.91222527479451,1,0.0,0,900.0683374404907,46088.72329797473,,,,2.4771663580510257,0.9990724665918997,1474200
2026-10-07 22:57:21,A_04,recuit+descente,,3,2103.4758493150725,4206.951698630145,0.0,1,1.176836406102666e-14,0,900.0225605964661,168066.1958400351,,,,5.501663190314817,0.9923642450275021,732122
2026-10-07 22:57:25,A_01,recuit+descente,,3,1769.559277777612,3539.118555555224,0.0,1,3.9968028886505635e-15,0,856.9802923202515,914252.6647739157,,,,25.603708781967587,0.9989544429650793,1508635
2026-10-07 22:57:42,A_06,recuit+descente,,3,612.5534615384651,1225.1069230769301,0.0,1,1.9984014443252818e-15,0,900.0102450847626,102635.91897643491,,,,3.112079280940736,0.9986671974667898,2450160
2026-10-07 23:09:34,A_03,recuit,,3,850.7977222217608,1701.5954444435215,0.0,1,6.84452494681409e-14,0,810.0350890159607,1633647.2284664395,,,,49.853690338344336,0.9998041435623496,2098642
2026-10-07 23:09:43,A_03,recuit+descente,,3,850.7977222217398,1701.5954444434797,0.0,1,6.816769371198461e-14,0,819.0898072719574,1633647.2284664395,,,,49.853690338344336,0.9998041435623496,2098642
2026-10-07 23:10:49,A_10,recuit,,3,2994.8487358490183,5978.057861635044,11.639610062992546,1,2.596811654598241e-13,0,810.001467704773,46933.39494258281,,,,4.295685972277899,0.9996667031619559,4045464
2026-10-07 23:10:55,A_10,recuit+descente,,3,2994.8487358490183,5977.401918238819,12.295553459218842,1,1.773026170326375e-13,0,816.3187110424042,46933.39494258281,,,,4.295685972277899,0.9996667031619559,4045464
2026-10-07 23:10:56,A_14,recuit,,3,2339.499622641413,4240.789674369626,438.20957091320014,1,6.96942503708442e-13,0,810.0367753505707,94043.69114825137,,,,616.4390617089143,0.9997956762790271,3317436
2026-10-07 23:10:58,A_15,recuit,,3,2315.5318867926244,4221.703875093635,409.3598984916124,1,6.062372825965667e-13,0,810.0011186599731,43275.46222504458,,,,350.27375292305027,0.9996341838021559,4057560
2026-10-07 23:11:00,A_11,recuit,,3,495.5122796844709,919.4245345271005,71.60002484184153,1,2.4791280139879746e-13,0,810.0083906650543,26092.83889704285,,,,5.421855577991796,0.9998227599610184,3267216
2026-10-07 23:11:02,A_11,recuit+descente,,3,495.512279684471,919.4245345271005,71.60002484184172,1,2.468025783741723e-13,0,811.949814081192,26092.83889704285,,,,5.421855577991796,0.9998227599610184,3267216
2026-10-07 23:11:02,A_15,recuit+descente,,3,2315.531886792625,4221.703875093635,409.35989849161314,1,5.895284260759581e-13,0,814.3359503746033,43275.46222504458,,,,350.27375292305027,0.9996341838021559,4057560
2026-10-07 23:11:02,A_14,recuit+descente,,3,2319.926037736175,4216.110077189766,423.74199828258406,1,7.915890165577366e-13,0,816.1819944381714,94043.69114825137,,,,616.4390617089143,0.9997956762790271,3317436
2026-10-07 23:11:14,A_12,recuit,,3,789.6349276729774,1549.8470188679357,29.422836478018702,1,4.619082893952964e-13,0,810.0098822116852,21414.97472520877,,,,6.577587216547402,0.999826462967184,3356586
2026-10-07 23:11:16,A_12,recuit+descente,,3,789.6349276729774,1549.8470188679357,29.422836478018738,1,4.3470782529198004e-13,0,811.8838486671448,21414.97472520877,,,,6.577587216547402,0.999826462967184,3356586
2026-10-07 23:23:13,A_07,recuit,,3,2272.7822745101294,4545.564549020257,1.4979912735083523e-12,1,6.2727600891321345e-15,0,810.0031344890594,26233.098345509676,,,,20.259145869165145,0.9999586687808003,4804704
2026-10-07 23:23:13,A_07,recuit+descente,,3,2272.782274510129,4545.564549020257,1.5113661955932485e-12,1,6.217248937900877e-15,0,810.0986313819885,26233.098345509676,,,,20.259145869165145,0.9999586687808003,4804704
2026-10-07 23:24:26,A_08,recuit,,3,744.2932352937592,1333.7019652427587,154.88450534475965,1,8.285594432777543e-13,0,810.0005753040314,14588.453559201815,,,,10.974501160268124,0.9999568399762574,3784104
2026-10-07 23:24:26,A_08,recuit+descente,,3,744.2932352937588,1333.7080237821162,154.87844680540138,1,8.002487561498128e-13,0,810.2178919315338,14588.453559201815,,,,10.974501160268124,0.9999568399762574,3784104
2026-10-07 23:24:33,A_09,recuit,,3,1507.3065490188687,3012.7683921554726,1.8447058822642595,1,3.057554209817681e-13,0,810.0015296936035,57092.224416016106,,,,72.2738540961183,0.9999607149799858,3413538
2026-10-07 23:24:33,A_09,recuit+descente,,3,1507.2847843129866,3012.7248627437084,1.844705882264273,1,3.071987109137808e-13,0,810.2079653739929,57092.224416016106,,,,72.2738540961183,0.9999607149799858,3413538
2026-10-07 23:24:37,A_05,recuit,,4,635.7145879121321,1198.9982614468681,72.43091437739596,1,1.8096635301390052e-14,0,810.0159237384796,46088.72329797473,,,,8.719776598785343,0.9990752050272049,1859400
2026-10-07 23:24:39,A_04,recuit,,4,2124.0105616437986,4248.021123287597,0.0,1,6.217248937900877e-15,0,810.0985884666443,168066.1958400351,,,,3.9803635029997952,0.9969848232662558,982752
2026-10-07 23:24:47,A_02,recuit,,4,4678.3922777786875,4282.881030555422,5073.903525001953,1,0.0,0,810.0204231739044,947543.2983436296,,,,49.57546980715354,0.9997946279478287,2455243
2026-10-07 23:25:19,A_02,recuit+descente,,4,4673.4330000023665,4410.693212036908,4936.172787967825,1,2.220446049250313e-16,0,842.2126595973969,947543.2983436296,,,,49.57546980715354,0.9997946279478287,2455243
2026-10-07 23:26:07,A_05,recuit+descente,,4,635.6611538461968,1198.8882710622522,72.43403663014122,1,3.3306690738754696e-16,0,900.0972166061401,46088.72329797473,,,,8.719776598785343,0.9990752050272049,1859400
2026-10-07 23:26:09,A_04,recuit+descente,,4,2106.731493150648,4213.462986301296,0.0,1,8.881784197001252e-15,0,900.7059388160706,168066.1958400351,,,,3.9803635029997952,0.9969848232662558,982752
2026-10-07 23:36:44,A_06,recuit,,4,595.6107692307497,1191.2215384614994,0.0,1,1.557087792036782e-14,0,810.0200529098511,102635.91897643491,,,,2.939478365119343,0.999438142287935,1826100
2026-10-07 23:37:57,A_01,recuit,,4,1769.9317777776075,3539.863555555215,0.0,1,3.9968028886505635e-15,0,810.0256900787354,914252.6647739157,,,,5.226729110873519,0.9990597399525606,1690902
2026-10-07 23:38:04,A_13,recuit,,4,2000.2578657407034,3999.064342592541,1.4513888888660562,1,2.4424906541753444e-15,0,810.042320728302,563795.1979796456,,,,21.98097301211335,0.9991328297186514,1654318
2026-10-07 23:38:11,A_01,recuit+descente,,4,1769.9122222220635,3539.824444444127,0.0,1,3.774758283725532e-15,0,824.2636816501617,914252.6647739157,,,,5.226729110873519,0.9990597399525606,1690902
2026-10-07 23:38:14,A_06,recuit+descente,,4,594.8540384615181,1189.7080769230363,0.0,1,1.3711254354120683e-14,0,900.0464766025543,102635.91897643491,,,,2.939478365119343,0.999438142287935,1826100
2026-10-07 23:38:52,A_03,recuit,,4,848.285555555513,1696.571111111026,0.0,1,5.340172748447003e-14,0,810.0047037601471,1633647.2284664395,,,,80.37135340781394,0.9995715395317744,2027935
2026-10-07 23:38:59,A_03,recuit+descente,,4,848.1813333332915,1696.362666666583,0.0,1,5.340172748447003e-14,0,816.6197421550751,1633647.2284664395,,,,80.37135340781394,0.9995715395317744,2027935
2026-10-07 23:39:09,A_13,recuit+descente,,4,1999.771976851773,3998.2133611110685,1.3305925924765958,1,3.1086244689504383e-15,0,874.4697952270508,563795.1979796456,,,,21.98097301211335,0.9991328297186514,1654318
2026-10-07 23:39:47,A_10,recuit,,4,2994.9220031445543,5977.554672955625,12.289333333482704,1,3.470002063465927e-13,0,810.0130999088287,46933.39494258281,,,,24.35066102938403,0.9997931172422657,4593240
2026-10-07 23:39:47,A_14,recuit,,4,2333.0264095609923,4227.782647122164,438.27017199982066,1,7.515099653687685e-13,0,810.0351285934448,107030.4929629685,,,,769.1862588499796,0.9997791687383841,4699080
2026-10-07 23:39:56,A_14,recuit+descente,,4,2332.0251886798596,4226.852140452798,437.1982369069204,1,8.926193117986259e-13,0,818.4688835144043,107030.4929629685,,,,769.1862588499796,0.9997791687383841,4699080
2026-10-07 23:39:57,A_10,recuit+descente,,4,2994.848735848957,5977.401918238645,12.295553459268902,1,2.398081733190338e-13,0,820.3384127616882,46933.39494258281,,,,24.35066102938403,0.9997931172422657,4593240
2026-10-07 23:51:43,A_15,recuit,,4,2418.6728301887233,4329.456694008442,507.8889663690042,1,5.684896997593114e-13,0,810.0141353607178,92186.24445371074,,,,678.3266361138371,0.9998221661118956,3069468
2026-10-07 23:51:46,A_11,recuit,,4,495.7763362888935,921.4274432981248,70.12522927966239,1,3.9085401581928636e-13,0,810.0156605243683,26092.83889704285,,,,14.998174396074559,0.9999041587811819,4950504
2026-10-07 23:51:48,A_11,recuit+descente,,4,495.75954383606285,921.3938583924642,70.12522927966164,1,3.7980729672426605e-13,0,811.9911608695984,26092.83889704285,,,,14.998174396074559,0.9999041587811819,4950504
2026-10-07 23:51:58,A_15,recuit+descente,,4,2353.7101886794926,4272.589659278392,434.8307180805931,1,8.100187187665142e-13,0,824.9480903148651,92186.24445371074,,,,678.3266361138371,0.9998221661118956,3069468
2026-10-07 23:52:29,A_12,recuit,,4,790.1953050314754,1549.7450691823637,30.645540880587074,1,8.384837962838176e-13,0,810.0075461864471,21414.97472520877,,,,5.220091049076835,0.9999217843156298,4051296
2026-10-07 23:52:30,A_12,recuit+descente,,4,790.0443616352488,1549.4431823899106,30.645540880586957,1,8.127942763280771e-13,0,810.8331961631775,21414.97472520877,,,,5.220091049076835,0.9999217843156298,4051296
2026-10-07 23:52:40,A_07,recuit,,4,2272.7822745100793,4545.564549020149,9.763693121974082e-12,1,6.328271240363392e-15,0,810.0067155361176,26233.098345509676,,,,20.435713795306988,0.9999147475599923,5285088
2026-10-07 23:52:40,A_07,recuit+descente,,4,2272.7822745100793,4545.564549020149,9.757005660931635e-12,1,6.328271240363392e-15,0,810.2090528011322,26233.098345509676,,,,20.435713795306988,0.9999147475599923,5285088
2026-10-07 23:53:27,A_08,recuit,,4,744.2932352937511,1333.7019652427562,154.88450534474623,1,8.343881141570364e-13,0,810.0041038990021,14588.453559201815,,,,11.302481873621117,0.9999568251143046,3837024
2026-10-07 23:53:27,A_08,recuit+descente,,4,744.2932352937513,1333.7080237821137,154.87844680538888,1,8.135714324453147e-13,0,810.2084138393402,14588.453559201815,,,,11.302481873621117,0.9999568251143046,3837024
2026-10-07 23:53:28,A_09,recuit,,4,1507.2880196071671,3012.7313333320308,1.8447058823041949,1,1.4876988529977098e-13,0,810.0043301582336,57092.224416016106,,,,49.70598586025812,0.9999538331371748,3158190
2026-10-07 23:53:28,A_09,recuit+descente,,4,1507.2847843130496,3012.7248627437953,1.8447058823041926,1,1.4876988529977098e-13,0,810.2086110115051,57092.224416016106,,,,49.70598586025812,0.9999538331371748,3158190
2026-10-08 00:05:27,A_05,recuit,,5,639.8683241758673,1200.1667916666415,79.56985668509284,1,2.6922908347160046e-15,0,810.0861487388611,46088.72329797473,,,,12.812078368918886,0.9995477866253228,1782180
2026-10-08 00:05:33,A_04,recuit,,5,2094.333369863016,4188.666739726032,0.0,1,9.325873406851315e-15,0,810.1900849342346,168066.1958400351,,,,3.9067935337989033,0.996391499550949,1634390
2026-10-08 00:06:02,A_02,recuit,,5,4684.968222223995,4294.817986111139,5075.118458336851,1,0.0,0,810.0314631462097,947543.2983436296,,,,1242.5548456186054,0.9997782957686095,3215570
2026-10-08 00:06:11,A_06,recuit,,5,604.4708516482815,1208.941703296563,0.0,1,3.497202527569243e-15,0,810.1072518825531,102635.91897643491,,,,55.0215043176797,0.9993898657676812,1715760
2026-10-08 00:06:34,A_02,recuit+descente,,5,4673.346222225073,4419.803063888919,4926.889380561227,1,2.220446049250313e-16,0,842.4202671051025,947543.2983436296,,,,1242.5548456186054,0.9997782957686095,3215570
2026-10-08 00:06:57,A_05,recuit+descente,,5,636.7360989011225,1200.602317765543,72.86988003670227,1,0.0,0,900.1008758544922,46088.72329797473,,,,12.812078368918886,0.9995477866253228,1782180
2026-10-08 00:06:58,A_01,recuit,,5,1769.2486666666723,3538.4973333333446,0.0,1,4.440892098500626e-15,0,810.0016634464264,914252.6647739157,,,,10.229447582255444,0.9989971795772316,2017064
2026-10-08 00:06:59,A_13,recuit,,5,1999.1093842590492,3997.0381388888068,1.180629629291973,1,1.9984014443252818e-15,0,810.0337872505188,563795.1979796456,,,,7.75720243448216,0.9991431276035074,1618876
2026-10-08 00:07:03,A_04,recuit+descente,,5,2093.372520547948,4186.745041095896,0.0,1,7.549516567451064e-15,0,900.0417411327362,168066.1958400351,,,,3.9067935337989033,0.996391499550949,1634390
2026-10-08 00:07:42,A_06,recuit+descente,,5,594.6876923076213,1189.3753846152426,0.0,1,7.771561172376096e-16,0,900.2383680343628,102635.91897643491,,,,55.0215043176797,0.9993898657676812,1715760
2026-10-08 00:07:55,A_01,recuit+descente,,5,1769.241999999997,3538.483999999994,0.0,1,4.218847493575595e-15,0,866.7031774520874,914252.6647739157,,,,10.229447582255444,0.9989971795772316,2017064
2026-10-08 00:08:29,A_13,recuit+descente,,5,1998.9973472220202,3996.7762685184307,1.2184259256090861,1,2.6645352591003757e-15,0,900.0269613265991,563795.1979796456,,,,7.75720243448216,0.9991431276035074,1618876
2026-10-08 00:20:06,A_03,recuit,,5,850.7977222221529,1701.5954444443057,0.0,1,2.630118345336996e-13,0,810.0096440315247,1633647.2284664395,,,,3129.924444157525,0.9997930731695919,2660294
2026-10-08 00:20:25,A_03,recuit+descente,,5,850.5569999999158,1701.1139999998315,0.0,1,2.630118345336996e-13,0,828.7894005775452,1633647.2284664395,,,,3129.924444157525,0.9997930731695919,2660294
2026-10-08 00:20:36,A_10,recuit,,5,2995.104694968466,5977.691138364501,12.518251572431065,1,2.188804693048496e-13,0,810.017327785492,46933.39494258281,,,,7.6665678522641905,0.9996269868197842,4389012
2026-10-08 00:20:37,A_14,recuit,,5,2314.602547169919,4214.419803818619,414.7852905212184,1,5.362932320451819e-13,0,810.0336012840271,35467.86410835836,,,,11.14593414236883,0.9998282014736789,3009852
2026-10-08 00:20:38,A_10,recuit+descente,,5,2995.104694968466,5977.691138364501,12.518251572430868,1,1.4155343563970746e-13,0,811.9420635700226,46933.39494258281,,,,7.6665678522641905,0.9996269868197842,4389012
2026-10-08 00:20:44,A_14,recuit+descente,,5,2313.080283018979,4211.937433831132,414.2231322068259,1,6.954437026251981e-13,0,816.5320343971252,35467.86410835836,,,,11.14593414236883,0.9998282014736789,3009852
2026-10-08 00:21:14,A_15,recuit,,5,2315.1379591293016,4228.583832995339,401.6920852632643,1,4.242162177092723e-13,0,810.0429027080536,35466.1657678258,,,,59.6689098114155,0.999661672622279,2739204
2026-10-08 00:21:23,A_15,recuit+descente,,5,2314.942924528251,4228.196041744756,401.6898073117452,1,4.770628336814298e-13,0,818.8002500534058,35466.1657678258,,,,59.6689098114155,0.999661672622279,2739204
2026-10-08 00:21:26,A_11,recuit,,5,495.34397779783325,921.8427970881512,68.84515850751522,1,2.9348745655966013e-13,0,810.0028524398804,26092.83889704285,,,,75.41386283730023,0.9998217418140111,3241836
2026-10-08 00:21:27,A_11,recuit+descente,,5,495.3335060997199,921.8218536919246,68.84515850751514,1,3.40394379350073e-13,0,810.9421951770782,26092.83889704285,,,,75.41386283730023,0.9998217418140111,3241836
2026-10-08 00:22:00,A_12,recuit,,5,789.6524748428061,1549.8821132075489,29.42283647806293,1,7.686629110992271e-13,0,810.0055589675903,21414.97472520877,,,,6.300792251024343,0.9999229940115096,5549472
2026-10-08 00:22:01,A_12,recuit+descente,,5,789.6349276729952,1549.8470188679266,29.422836478063445,1,8.961165143261951e-13,0,811.1838731765747,21414.97472520877,,,,6.300792251024343,0.9999229940115096,5549472
2026-10-08 00:33:56,A_07,recuit,,5,2272.7822745100225,4545.564549020033,1.1903680655557443e-11,1,8.326672684688674e-15,0,810.0024056434631,26233.098345509676,,,,22.528608710042178,0.9999101373954081,7129584
2026-10-08 00:33:56,A_07,recuit+descente,,5,2272.782274510022,4545.564549020033,1.1866899619823978e-11,1,8.326672684688674e-15,0,810.082622051239,26233.098345509676,,,,22.528608710042178,0.9999101373954081,7129584
2026-10-08 00:34:09,A_08,recuit,,5,744.2932352935042,1333.708023782681,154.87844680432724,1,1.5560330801633881e-12,0,810.0018062591553,14588.453559201815,,,,11.826143753827061,0.9999775065487954,7261596
2026-10-08 00:34:09,A_08,recuit+descente,,5,744.2932352935044,1333.708023782681,154.87844680432764,1,1.5560330801633881e-12,0,810.043995141983,14588.453559201815,,,,11.826143753827061,0.9999775065487954,7261596
2026-10-08 00:34:15,A_09,recuit,,5,1507.2847843134539,3012.7248627448457,1.8447058820624254,1,1.8640644583456378e-13,0,810.0011689662933,57092.224416016106,,,,50.517873091485825,0.9999520438163532,6818544
2026-10-08 00:34:15,A_09,recuit+descente,,5,1507.284784313454,3012.724862744846,1.844705882062452,1,1.8640644583456378e-13,0,810.0278732776642,57092.224416016106,,,,50.517873091485825,0.9999520438163532,6818544
