instance,reglage,reference,glouton,temps_glouton,recuit_moyenne,recuit_ecart_type,recuit_meilleur,recuit_pire,recuit_realisables,recuit_graines,plne,plne_borne,plne_gap,temps_plne,ecart_glouton,ecart_recuit_moyenne,ecart_recuit_meilleur,ecart_recuit_pire,ecart_plne
A_01,0,1767.815611,1807.8302222222057,2.2863237857818604,1769.8143999998904,0.7315671548398526,1769.241999999997,1771.0372222220024,5,5,1767.8156111111107,1767.8156111111111,0.0,2.5716400146484375,2.263505932022554,0.11306546833579205,0.08068652585266801,0.18223683521948297,6.285197013052297e-09
A_02,0,4671.376611,4685.071166666669,1.3879623413085938,4673.54123333533,1.0862579584779732,4672.128833334779,4675.174777779297,5,5,4672.128833333334,2058.386738717325,55.94327955959252,900.101851940155,0.29315888670637646,0.04633799660324632,0.016102797899195484,0.08130722687512702,0.01610279786825841
A_03,0,848.1786111,850.7977222222223,1.167212963104248,849.6739000002152,1.3231916803927986,848.1813333332915,850.7977222217398,5,5,848.1786111111111,848.1786111111111,0.0,0.46742820739746094,0.3087924038576722,0.1762941060581527,0.0003209504762149637,0.30879240380078715,1.3099916989741714e-09
A_04,0,2085.876054,2173.6263698630137,84.56280660629272,2103.3706904109486,6.198383828160864,2093.372520547948,2109.8829863013616,5,5,2085.8760547945208,2085.8760547945203,0.0,112.26218128204346,4.206880638700397,0.8387188863595207,0.35939175453750766,1.150928035983952,3.8090514895392894e-08
A_05,0,635.2217857,639.868324175825,6.671564340591431,636.0069890110224,0.5287553317140516,635.3687362637705,636.7360989011225,5,5,635.3687362637362,593.4878128452837,6.591593357982149,900.2225601673126,0.7314828584955706,0.12361089129791705,0.023133741171760668,0.23839125722896165,0.023133741166355717
A_06,1,590.6235989,641.1493131868122,5.844226837158203,601.2339395604125,7.311975291053612,594.6876923076213,612.5534615384651,5,5,590.6235989010988,590.623598901099,0.0,4.1088244915008545,8.554638585541303,1.7964640559865166,0.6881021034700263,3.713001424140184,1.860378231797434e-10
A_07,0,2272.782274,2272.782274509804,0.09586191177368164,2272.7822745100525,5.050296407401569e-11,2272.7822745100116,2272.782274510129,5,5,2272.782274509804,2272.7822745098024,0.0,0.09207344055175781,2.243083612705258e-08,2.2441760713029178e-08,2.243995995709897e-08,2.2445122124098902e-08,2.243083612705258e-08
A_08,0,744.2932352,745.8302941176471,0.06262683868408203,744.2932352937108,1.289932112439971e-10,744.2932352935044,744.2932352938506,5,5,744.2932352941177,700.1054913144678,5.936872980202328,900.1300444602966,0.20651254706541136,1.2590576582834587e-08,1.2562838147559546e-08,1.2609348904945282e-08,1.2645243906540186e-08
A_09,1,1507.284784,1586.1892549019606,0.06115221977233887,1507.2847843131924,1.8370650443847935e-10,1507.2847843129866,1507.284784313454,5,5,1507.2847843137256,1507.2847843137254,0.0,0.05823063850402832,5.2348747721426365,2.0778585570472286e-08,2.076493365953545e-08,2.0795948387586424e-08,2.0813959859032367e-08
A_10,0,2994.848735,2997.2492830188685,0.6716997623443604,2994.9654616351463,0.15991669623886925,2994.848735848957,2995.1726006288063,5,5,2994.8487358490565,2994.848735849056,0.0,2.619542121887207,0.0801559020598898,0.003897580327918584,2.834723856039823e-08,0.010814089707481952,2.835056392600619e-08
A_11,0,495.2557702,501.62141509433974,0.44844722747802734,495.44488035157417,0.1971675692869215,495.2714306280042,495.75954383606285,5,5,495.265581570997,460.5929905423572,7.000807711825234,900.2575001716614,1.285324730647584,0.038184340890733956,0.003162088954143585,0.10171989230119104,0.0019810715164598806
A_12,0,789.6349276,792.0046855345912,0.32012438774108887,789.7338050314779,0.17663599956864,789.6349276729774,790.0443616352488,5,5,789.634927672956,789.6349276729558,0.0,0.8391768932342529,0.3001080438265095,0.012521917157143849,9.241916431522966e-09,0.05185105432117721,9.239209721783489e-09
A_13,1,1998.662162,2012.720046296296,2.6640372276306152,2000.531962036988,1.351002270009596,1998.9973472220202,2002.5974490739839,5,5,1998.8393749999998,1998.3578552328604,0.02408996806586935,900.0404300689697,0.7033647088324637,0.09355258094829304,0.01677047919317505,0.19689606121556089,0.008866581024497852
A_14,0,2264.124321,2537.228962264157,0.7553417682647705,2321.53273228675,9.125391979517895,2312.6882075470426,2332.0251886798596,5,5,2312.35679245283,2080.0571047958047,10.046010354152827,900.2929091453552,12.062263486641696,2.535567978943608,2.144930209733072,2.9989902519959664,2.130292537625649
A_15,0,2268.56915,2547.179905660384,0.8593502044677734,2323.282320754812,17.026662341007015,2314.942924528251,2353.7101886794926,5,5,2314.917358490566,2071.0625859587963,10.534059526459592,900.2178044319153,12.28134287466548,2.411792065267765,2.0441860689259146,3.753072225261143,2.043059101397298
